id,make,model,year
1,Honda,Accord,1984
2,Land Rover,Discovery,2004
3,Saab,9-5,2003
4,Dodge,Spirit,1995
5,Saturn,Astra,2008
6,Chevrolet,Suburban 1500,1993
7,Mercedes-Benz,S-Class,1999
8,Subaru,Leone,1985
9,Infiniti,FX,2006
10,Pontiac,LeMans,1966
11,Acura,RL,2000
12,Ford,Explorer Sport,2003
13,Chevrolet,Silverado,2008
14,Oldsmobile,98,1993
15,Ford,Taurus,1988
16,Ford,E150,2004
17,Isuzu,Hombre Space,2000
18,Scion,xA,2004
19,Ford,Econoline E250,1995
20,Chevrolet,G-Series G10,1994
21,Mitsubishi,Chariot,1996
22,Mitsubishi,Lancer Evolution,2003
23,Lexus,LX,2013
24,Buick,Riviera,1985
25,Ford,Fusion,2012
26,Cadillac,XLR,2004
27,Morgan,Aero 8,2008
28,Mercedes-Benz,G-Class,2006
29,Chrysler,Concorde,1993
30,GMC,Suburban 1500,1997
31,Nissan,Xterra,2000
32,Mitsubishi,Raider,2009
33,Ford,Ranger,1993
34,Cadillac,DeVille,1995
35,Hyundai,Accent,2008
36,GMC,Safari,2002
37,Buick,LeSabre,2003
38,Volvo,C70,1999
39,Mazda,Miata MX-5,1999
40,Ford,GT500,2007
41,Hyundai,Elantra,2008
42,Mercury,Grand Marquis,1987
43,Mercedes-Benz,600SEL,1993
44,Volkswagen,Passat,1992
45,Isuzu,Rodeo,1999
46,Lexus,GS,1994
47,Buick,LeSabre,1991
48,BMW,760,2005
49,Ford,Focus,2001
50,Dodge,Caravan,2010
51,Dodge,Nitro,2011
52,Mazda,CX-7,2010
53,Dodge,Ram Van 1500,2003
54,Buick,Century,1997
55,Mitsubishi,Pajero,1992
56,Subaru,Outback,2000
57,Lincoln,Town Car,1995
58,Bentley,Azure,2006
59,Subaru,Legacy,1989
60,Infiniti,QX56,2007
61,Land Rover,Defender 110,1993
62,Lexus,ES,2009
63,Cadillac,SRX,2010
64,Lotus,Esprit,2003
65,Mitsubishi,Starion,1989
66,Buick,Regal,1990
67,Infiniti,FX,2003
68,Chrysler,Crossfire,2008
69,Lincoln,Blackwood,2003
70,Porsche,Boxster,2001
71,Dodge,Ram Van 3500,2000
72,Mitsubishi,Galant,1987
73,Buick,Century,2005
74,Bentley,Arnage,2005
75,Toyota,Corolla,2009
76,Buick,Skylark,1993
77,Porsche,Cayenne,2011
78,Mercedes-Benz,600SEL,1993
79,Saab,9000,1993
80,Hyundai,Sonata,2003
81,Nissan,Pathfinder,1994
82,GMC,Sierra 3500,2000
83,Volkswagen,Eurovan,2002
84,Ford,Club Wagon,1992
85,Porsche,911,2002
86,Hyundai,XG350,2004
87,Audi,RS6,2003
88,Nissan,Xterra,2010
89,GMC,Sierra 3500,2001
90,Chevrolet,Suburban 1500,1999
91,Dodge,Ram Van 3500,1999
92,Mercedes-Benz,SLK-Class,2011
93,Ford,Crown Victoria,1996
94,Oldsmobile,Bravada,2002
95,Dodge,Intrepid,2004
96,Mitsubishi,Eclipse,1995
97,Ferrari,F430,2008
98,Mercedes-Benz,E-Class,1995
99,GMC,Sonoma Club Coupe,1994
100,GMC,Rally Wagon G3500,1995
101,Jaguar,S-Type,2003
102,Ford,Mustang,1998
103,Chrysler,Town & Country,2005
104,BMW,7 Series,1994
105,Mercedes-Benz,C-Class,2010
106,MINI,Clubman,2010
107,Toyota,Land Cruiser,2011
108,Toyota,MR2,2004
109,Cadillac,DTS,2009
110,GMC,Sierra 2500,2012
111,Suzuki,Forenza,2007
112,Plymouth,Grand Voyager,1999
113,Mazda,MX-6,1993
114,Honda,Accord,1984
115,Chevrolet,Suburban 1500,2009
116,Lexus,GX,2011
117,Volvo,S80,2006
118,Mazda,626,1997
119,Pontiac,Grand Prix,1972
120,Audi,Coupe GT,1986
121,Mitsubishi,Starion,1986
122,Acura,Legend,1994
123,Mazda,Protege,1993
124,Suzuki,SX4,2007
125,Volkswagen,Jetta,1986
126,Subaru,Impreza,1999
127,Ford,Mustang,2010
128,Ford,Bronco,1984
129,Nissan,Pathfinder,1996
130,Nissan,Sentra,2002
131,Suzuki,Sidekick,1990
132,Oldsmobile,Silhouette,1993
133,GMC,Savana 2500,2006
134,Volkswagen,Cabriolet,1990
135,Hyundai,Elantra,2010
136,Toyota,RAV4,2005
137,Ford,Ranger,2007
138,Ford,F-Series Super Duty,2008
139,GMC,Sierra 1500,2002
140,Land Rover,Discovery Series II,2002
141,Pontiac,Bonneville,1992
142,Honda,Accord,2001
143,Toyota,Solara,2000
144,Suzuki,Equator,2012
145,Ford,Mustang,2001
146,Chrysler,Cirrus,1998
147,Chevrolet,Corvette,1993
148,GMC,Yukon XL 2500,2008
149,Jeep,Cherokee,1997
150,Acura,TL,2000
151,Mercury,Villager,2000
152,Mercedes-Benz,SLK-Class,2009
153,Chevrolet,Corvette,1965
154,Mercedes-Benz,E-Class,1985
155,Toyota,Highlander,2005
156,Mazda,Mazdaspeed 3,2008
157,Bentley,Continental GTC,2007
158,Dodge,Ram Wagon B250,1994
159,Audi,Cabriolet,1998
160,GMC,Envoy,1998
161,GMC,Yukon,2001
162,Subaru,Outback,2002
163,Isuzu,Hombre Space,1998
164,Buick,LeSabre,1996
165,Subaru,Impreza,2007
166,Volkswagen,Jetta III,1993
167,Audi,Coupe GT,1985
168,Hyundai,Sonata,2003
169,Nissan,Altima,1995
170,Jeep,Commander,2009
171,Acura,RSX,2005
172,Cadillac,Escalade ESV,2005
173,Oldsmobile,88,1996
174,Acura,Integra,1996
175,Saab,9-5,2005
176,Audi,4000s,1985
177,Ford,Expedition,2011
178,BMW,760,2005
179,Kia,Sorento,2004
180,GMC,Vandura G3500,1996
181,Smart,Fortwo,2012
182,GMC,Yukon XL 2500,2001
183,BMW,M5,2006
184,Eagle,Talon,1995
185,Dodge,Charger,2010
186,Nissan,Altima,2004
187,Pontiac,Grand Am,1991
188,Chevrolet,Venture,1999
189,Chrysler,LHS,1996
190,GMC,Savana 3500,2012
191,Jeep,Patriot,2007
192,Mazda,B-Series Plus,2003
193,Toyota,Solara,1999
194,Mercedes-Benz,E-Class,1999
195,Mercury,Topaz,1989
196,Chevrolet,Blazer,2000
197,Volkswagen,Touareg,2012
198,Pontiac,Vibe,2003
199,Audi,V8,1992
200,Mazda,B-Series,1998
201,Hummer,H1,2003
202,GMC,Vandura 3500,1992
203,GMC,Yukon,2010
204,Suzuki,XL-7,2003
205,Ford,Taurus,2002
206,Volvo,C30,2009
207,Audi,TT,2009
208,Dodge,Challenger,2010
209,Plymouth,Neon,1998
210,Nissan,Maxima,2007
211,Isuzu,Hombre,1999
212,Dodge,Viper RT/10,1995
213,Jaguar,XJ Series,1997
214,Pontiac,Monterey,2005
215,Mitsubishi,Tredia,1985
216,Saab,9-7X,2008
217,Saab,9000,1996
218,Ford,LTD Crown Victoria,1989
219,Oldsmobile,88,1995
220,Ford,E-Series,2009
221,Audi,A7,2012
222,Smart,Fortwo,2012
223,Chevrolet,Camaro,1968
224,Chevrolet,Camaro,2012
225,Volkswagen,GTI,1986
226,Dodge,Dakota Club,1996
227,Suzuki,Swift,1990
228,Pontiac,Gemini,1989
229,BMW,3 Series,1994
230,Mercedes-Benz,190E,1993
231,Oldsmobile,Silhouette,2003
232,Buick,Electra,1990
233,Chevrolet,Aveo,2004
234,Ford,Crown Victoria,2006
235,Suzuki,Daewoo Lacetti,2006
236,Honda,Prelude,1995
237,Ford,Ranger,1994
238,BMW,X6 M,2011
239,Mitsubishi,Outlander,2006
240,Chevrolet,Cavalier,2001
241,Suzuki,Swift,1994
242,Jeep,Wrangler,2001
243,Acura,TL,1999
244,Toyota,Camry Hybrid,2008
245,Mercedes-Benz,S-Class,2007
246,Mitsubishi,Galant,1997
247,Toyota,RAV4,2005
248,Ford,Ranger,2005
249,Mercury,Sable,1990
250,Dodge,Ram 1500,2001
251,Kia,Mohave/Borrego,2009
252,Dodge,Ram Van 3500,2003
253,Rolls-Royce,Ghost,2011
254,Mitsubishi,Diamante,1996
255,Chevrolet,Suburban 1500,2012
256,Aston Martin,V8 Vantage,2012
257,Hyundai,Accent,1995
258,Ford,Flex,2009
259,Ford,Taurus,1994
260,Mazda,RX-8,2007
261,Chevrolet,Tahoe,2000
262,Chevrolet,Silverado 2500,2002
263,Chrysler,Prowler,2002
264,Kia,Rio,2006
265,Plymouth,Voyager,1995
266,Mitsubishi,Diamante,1997
267,Toyota,TundraMax,2007
268,Plymouth,Breeze,2000
269,Volkswagen,R32,2008
270,GMC,Acadia,2007
271,Kia,Sorento,2012
272,Mercury,Tracer,1998
273,Lotus,Exige,2012
274,Lexus,LX,2006
275,Bugatti,Veyron,2009
276,Ford,Explorer Sport Trac,2005
277,Chrysler,Sebring,2005
278,Mitsubishi,Challenger,2002
279,Mercury,Mariner,2011
280,Chevrolet,Silverado 2500,2011
281,Mazda,MX-5,1999
282,GMC,Savana 3500,2007
283,Acura,RL,2010
284,Land Rover,Range Rover Sport,2007
285,Hyundai,Tucson,2010
286,Infiniti,QX,1998
287,Dodge,Grand Caravan,1993
288,Nissan,GT-R,2013
289,Dodge,Aspen,1976
290,Chevrolet,Silverado 1500,1999
291,Mercury,Capri,1993
292,Honda,Civic,2001
293,GMC,Envoy XUV,2005
294,Chrysler,Town & Country,1996
295,Bentley,Continental Flying Spur,2008
296,Toyota,Venza,2012
297,Infiniti,G,2005
298,Mitsubishi,Lancer Evolution,2006
299,Lamborghini,Countach,1988
300,Kia,Borrego,2009
301,Chevrolet,Camaro,1977
302,GMC,1500,1995
303,Volkswagen,Beetle,1965
304,Mercury,Grand Marquis,2004
305,Mercedes-Benz,Sprinter 2500,2012
306,Volkswagen,rio,1998
307,Audi,Coupe GT,1985
308,Hyundai,Santa Fe,2008
309,Volkswagen,GTI,1987
310,Lincoln,Navigator L,2007
311,Porsche,Cayenne,2004
312,GMC,Sierra Hybrid,2006
313,Mercedes-Benz,SLK-Class,2010
314,Ford,Windstar,2004
315,Infiniti,I,2003
316,Honda,Odyssey,1996
317,Chevrolet,Lumina,1999
318,Dodge,Ram,2007
319,Toyota,MR2,2003
320,Jaguar,XJ Series,2003
321,Mazda,MPV,1995
322,Ford,Transit Connect,2012
323,Scion,xB,2012
324,Chevrolet,Express 3500,1998
325,Mercury,Cougar,1999
326,Porsche,Boxster,2012
327,Pontiac,Firebird,1985
328,Toyota,Prius,2001
329,Mitsubishi,Pajero,1991
330,Kia,Spectra,2002
331,Jaguar,XK Series,1999
332,BMW,745,2003
333,Ford,Expedition,1997
334,Nissan,Altima,2007
335,Buick,Riviera,1995
336,Audi,S8,2006
337,Infiniti,EX,2009
338,Audi,A6,2011
339,Pontiac,Montana,2005
340,Daewoo,Nubira,1999
341,Oldsmobile,Cutlass,1998
342,Infiniti,FX,2011
343,Porsche,Cayman,2012
344,Pontiac,Bonneville,1994
345,Infiniti,Q,2003
346,Subaru,Justy,1993
347,Land Rover,Discovery,1994
348,Pontiac,Sunbird,1985
349,Chevrolet,Malibu,2007
350,Bentley,Continental GTC,2012
351,Porsche,Cayenne,2011
352,Subaru,Impreza,2005
353,Bentley,Arnage,2005
354,Bentley,Continental GT,2006
355,Mercedes-Benz,CLK-Class,1998
356,Volvo,S80,2008
357,Subaru,Forester,2011
358,GMC,Safari,1998
359,Chevrolet,Sportvan G30,1993
360,Chevrolet,Monte Carlo,2005
361,Mercury,Villager,2001
362,Jeep,Patriot,2008
363,BMW,M Roadster,2007
364,Nissan,Murano,2011
365,Buick,Regal,1999
366,Dodge,Dakota,2010
367,Chevrolet,Impala,2006
368,Honda,Odyssey,1999
369,Chevrolet,Monte Carlo,1999
370,Pontiac,Grand Am,1992
371,Bentley,Mulsanne,2011
372,Infiniti,G,1995
373,Honda,Civic,1998
374,Ford,Club Wagon,1993
375,Ford,Explorer,2011
376,Ford,F-Series Super Duty,2010
377,Lincoln,Town Car,2005
378,Mazda,B-Series,1987
379,Toyota,Tacoma Xtra,2001
380,Subaru,Brat,1984
381,Audi,riolet,1994
382,Hyundai,Tiburon,2006
383,Ford,Mustang,1995
384,Ford,F150,2002
385,Chrysler,Voyager,2001
386,Nissan,GT-R,2010
387,Ford,Ranger,1994
388,Volkswagen,Jetta,2004
389,Volkswagen,Touareg,2010
390,Volkswagen,Golf,2010
391,Chevrolet,Corvette,2002
392,GMC,Sierra 2500,2001
393,Maserati,Quattroporte,2009
394,Ferrari,FF,2012
395,Volkswagen,GTI,1990
396,Chevrolet,Corsica,1993
397,Suzuki,Grand Vitara,2011
398,Mazda,MPV,2003
399,Chevrolet,Express,2008
400,Audi,riolet,1997
401,Volkswagen,Touareg,2004
402,GMC,Yukon,2009
403,Lexus,LS,1993
404,Pontiac,Fiero,1986
405,Ford,Ranger,1996
406,Tesla,Model S,2012
407,Ford,Econoline E350,2002
408,Aston Martin,DB9,2006
409,Chevrolet,Malibu,2002
410,Dodge,Durango,2000
411,Toyota,Sequoia,2002
412,Pontiac,Vibe,2006
413,Nissan,Xterra,2000
414,Pontiac,Bonneville,1964
415,Toyota,Tacoma Xtra,2000
416,Aston Martin,Vantage,2008
417,Mercedes-Benz,500SEC,1993
418,Pontiac,Grand Prix,1992
419,Mitsubishi,Montero Sport,2003
420,Hyundai,Entourage,2009
421,GMC,3500,1996
422,Dodge,Ram 2500,2008
423,Volvo,S70,1999
424,Austin,Mini Cooper S,1963
425,Lincoln,Continental,1993
426,Cadillac,Seville,1997
427,Toyota,Previa,1994
428,Chrysler,Sebring,1998
429,Nissan,Frontier,2010
430,Lexus,ES,1999
431,Toyota,Land Cruiser,2001
432,Mercedes-Benz,Sprinter,2010
433,Isuzu,Oasis,1997
434,GMC,2500,1997
435,Mercury,Grand Marquis,2004
436,Hyundai,Genesis,2012
437,Dodge,Caliber,2008
438,Jeep,Grand Cherokee,1993
439,Buick,Regal,1987
440,Lexus,LX,2008
441,BMW,Z4 M,2007
442,Pontiac,Bonneville,1998
443,Mazda,Mazdaspeed6,2007
444,Bentley,Arnage,2009
445,Ram,C/V,2012
446,Suzuki,Grand Vitara,2002
447,Saab,9000,1989
448,Land Rover,Discovery,2005
449,Infiniti,I,1997
450,Nissan,Frontier,2000
451,Jaguar,XJ Series,1996
452,Mercedes-Benz,S-Class,1994
453,Kia,Forte,2010
454,Acura,SLX,1998
455,Aston Martin,DB9,2007
456,Volvo,V70,2005
457,Pontiac,Sunbird,1989
458,Lincoln,Continental,1995
459,Ford,LTD Crown Victoria,1988
460,Mitsubishi,Montero,2005
461,Buick,Estate,1989
462,Nissan,Quest,2004
463,Lotus,Elan,1992
464,Ford,Contour,1999
465,Audi,80,1992
466,Ford,Escort,1998
467,Chrysler,Sebring,2006
468,Ford,Excursion,2002
469,Subaru,Forester,2001
470,Mercedes-Benz,300D,1993
471,Ford,Mustang,1973
472,Ford,Explorer,2003
473,Land Rover,Discovery,2011
474,Suzuki,Swift,2006
475,GMC,Savana,2008
476,Volvo,S40,2005
477,Plymouth,Grand Voyager,1992
478,Mitsubishi,Starion,1984
479,Ford,Fusion,2010
480,Mercedes-Benz,E-Class,2012
481,Mercedes-Benz,S-Class,1984
482,Buick,Skylark,1988
483,Mercedes-Benz,E-Class,1989
484,Pontiac,Firefly,1991
485,BMW,X5,2011
486,Suzuki,Reno,2007
487,Volkswagen,Cabriolet,2001
488,Toyota,Sequoia,2010
489,Lexus,LS Hybrid,2012
490,Chevrolet,Avalanche,2007
491,Chevrolet,Express 3500,1999
492,Ford,F150,2001
493,Nissan,240SX,1994
494,Honda,Element,2003
495,Mazda,RX-8,2008
496,Mitsubishi,Pajero,1996
497,Mercedes-Benz,500SEL,1993
498,Ford,F-Series,2011
499,Ford,E-Series,2006
500,Lexus,SC,2005
501,Audi,riolet,1998
502,Jeep,Patriot,2011
503,Isuzu,Ascender,2004
504,Suzuki,Grand Vitara,2001
505,GMC,2500 Club Coupe,1996
506,Chevrolet,1500,1996
507,Volkswagen,rio,1997
508,Volkswagen,Eurovan,1999
509,Dodge,Charger,1970
510,Porsche,911,2006
511,Chevrolet,Monte Carlo,2000
512,Audi,S5,2010
513,Lincoln,Zephyr,2006
514,Mercury,Cougar,1969
515,Volvo,XC70,2004
516,Mazda,Tribute,2001
517,Chevrolet,Express 2500,1998
518,Jeep,Wrangler,1998
519,Daewoo,Leganza,2000
520,Suzuki,Sidekick,1989
521,Toyota,Supra,1995
522,Pontiac,6000,1984
523,Chevrolet,Malibu,1997
524,Volvo,XC90,2010
525,Pontiac,Grand Prix,1984
526,Kia,Rondo,2008
527,Toyota,Land Cruiser,2002
528,Chevrolet,Suburban 1500,2005
529,Acura,MDX,2003
530,BMW,X6 M,2012
531,Saab,9-5,2007
532,Honda,Odyssey,2005
533,Pontiac,6000,1987
534,Oldsmobile,Bravada,1992
535,Ford,Excursion,2005
536,Chevrolet,Cobalt SS,2007
537,Volkswagen,Jetta,1987
538,Kia,Optima,2004
539,Mercury,Sable,1996
540,Chrysler,300,2011
541,GMC,Sierra 1500,2002
542,Chevrolet,Express 3500,2001
543,Renault,Alliance,1983
544,Chrysler,Town & Country,1998
545,Ford,Explorer,2001
546,Toyota,Sienna,2007
547,Mazda,B-Series,1991
548,Chevrolet,Silverado 1500,2008
549,Chevrolet,Blazer,1995
550,GMC,Savana 2500,2009
551,Mercury,Milan,2009
552,Dodge,Journey,2010
553,Jeep,Wrangler,1992
554,Mercedes-Benz,C-Class,2004
555,Lotus,Elan,1992
556,Toyota,Truck Xtracab SR5,1989
557,Toyota,Paseo,1996
558,Isuzu,Trooper,1995
559,Dodge,Ram Van B350,1994
560,Toyota,Venza,2011
561,Toyota,Solara,2006
562,Saturn,Relay,2005
563,Mercedes-Benz,600SEC,1993
564,Suzuki,Swift,2006
565,Land Rover,LR3,2005
566,Honda,Passport,1994
567,GMC,Sierra 1500,2003
568,Dodge,Sprinter,2008
569,Lincoln,MKX,2007
570,Spyker,C8,2005
571,Chevrolet,Corvette,1996
572,Dodge,Ram 3500,2001
573,Ford,Explorer Sport Trac,2006
574,Dodge,Avenger,2008
575,Ford,Escape,2005
576,Land Rover,LR4,2010
577,Mercedes-Benz,SLS-Class,2011
578,Nissan,Xterra,2004
579,Nissan,Sentra,1997
580,Jaguar,XF,2010
581,Lexus,LX,2008
582,Aston Martin,DBS,2009
583,Maybach,57,2011
584,Hummer,H1,1997
585,Toyota,T100 Xtra,1997
586,Mitsubishi,Galant,2006
587,Ford,F150,2011
588,Acura,TSX,2011
589,Mitsubishi,Endeavor,2006
590,Acura,Integra,1994
591,Buick,Regal,2003
592,Subaru,Impreza,2001
593,Volvo,C70,2008
594,Mazda,MX-5,2003
595,Toyota,Venza,2011
596,GMC,3500 Club Coupe,1993
597,Maserati,Biturbo,1987
598,Mitsubishi,Challenger,2001
599,Ford,Escort,1997
600,Buick,Skylark,1998
601,Chevrolet,Silverado,2002
602,MINI,Clubman,2008
603,BMW,Z8,2002
604,Volkswagen,Scirocco,1985
605,Chevrolet,Tahoe,1996
606,Audi,S4,2011
607,Ford,Galaxie,1964
608,Lexus,LX,1997
609,Pontiac,Grand Am,1998
610,Mercedes-Benz,C-Class,1999
611,Acura,ZDX,2011
612,Chrysler,Cirrus,1999
613,Mercedes-Benz,Sprinter 2500,2012
614,BMW,1 Series,2011
615,Plymouth,Colt Vista,1992
616,Nissan,Pathfinder,2006
617,Lexus,LS,2010
618,BMW,525,2006
619,Jeep,Patriot,2011
620,Nissan,Versa,2011
621,Acura,NSX,2004
622,Dodge,Stratus,2001
623,Suzuki,Daewoo Lacetti,2008
624,Ford,F150,1992
625,Pontiac,Sunfire,1999
626,Jeep,Grand Cherokee,2000
627,Volkswagen,Passat,2003
628,Toyota,Sienna,2004
629,GMC,Sonoma Club Coupe,1998
630,Honda,Odyssey,1997
631,Mazda,Miata MX-5,2004
632,Mercedes-Benz,CLK-Class,2000
633,Volkswagen,Passat,2010
634,Porsche,911,2001
635,Chevrolet,Suburban 1500,2002
636,Infiniti,G,2000
637,Chevrolet,3500,1996
638,Oldsmobile,Aurora,1996
639,Audi,S5,2009
640,Honda,Pilot,2005
641,Toyota,Prius,2011
642,Oldsmobile,Cutlass Supreme,1993
643,Volvo,XC70,2008
644,Chevrolet,Suburban 1500,2009
645,BMW,M5,2000
646,Land Rover,Discovery,1999
647,Toyota,Tercel,1994
648,Mercedes-Benz,GL-Class,2011
649,BMW,8 Series,1995
650,Infiniti,Q,1996
651,Mazda,B2600,1987
652,Suzuki,Swift,1989
653,Cadillac,Escalade ESV,2012
654,GMC,Acadia,2010
655,Lincoln,Navigator,1998
656,Suzuki,SX4,2008
657,Chevrolet,Malibu,1998
658,Audi,Cabriolet,1997
659,Land Rover,LR2,2010
660,Mercury,Topaz,1985
661,Pontiac,Trans Sport,1997
662,Mercury,Tracer,1995
663,Toyota,Solara,2002
664,Chevrolet,Corsica,1992
665,Volvo,S70,1998
666,Nissan,NV2500,2012
667,Dodge,Magnum,2005
668,Volvo,C70,2003
669,Acura,RSX,2006
670,Geo,Metro,1992
671,Dodge,Durango,1998
672,Ford,Freestyle,2007
673,Buick,Electra,1990
674,Ford,F-Series Super Duty,2012
675,Ford,Crown Victoria,2001
676,Ford,Expedition,2000
677,Volvo,S90,1998
678,Mazda,RX-8,2010
679,Chevrolet,Corsica,1995
680,Chrysler,300M,2002
681,Chevrolet,Monte Carlo,2003
682,Toyota,T100 Xtra,1995
683,Mercedes-Benz,500SEL,1993
684,Chevrolet,Silverado 2500,2009
685,BMW,Z8,2002
686,Dodge,Caravan,2008
687,Ford,Mustang,1993
688,Aston Martin,V8 Vantage,2007
689,Volkswagen,Golf III,1994
690,Chevrolet,Impala,2010
691,Acura,RL,1997
692,Pontiac,GTO,1971
693,Ford,Aerostar,1992
694,Ford,Taurus,1987
695,Chevrolet,Impala,1994
696,Chevrolet,HHR,2011
697,Ram,2500,2012
698,Volkswagen,Golf,1988
699,Honda,Element,2008
700,Nissan,Versa,2007
701,Chevrolet,Express 1500,1996
702,BMW,Z4,2009
703,Saab,900,1989
704,Toyota,Supra,1995
705,Dodge,Shadow,1993
706,Chevrolet,Suburban 1500,1999
707,Chevrolet,Venture,2000
708,Lotus,Esprit,1999
709,Jeep,Grand Cherokee,2004
710,Toyota,Corolla,1992
711,Lincoln,Aviator,2003
712,Dodge,D150,1992
713,Mercedes-Benz,C-Class,1997
714,Saab,9-3,2001
715,Chevrolet,Corvette,2005
716,Chrysler,Voyager,2001
717,Lexus,RX,2007
718,Volvo,C70,2003
719,Chevrolet,Avalanche 2500,2006
720,Mitsubishi,Sigma,1990
721,Oldsmobile,Achieva,1996
722,Toyota,Tacoma,2002
723,Volkswagen,Type 2,1990
724,Mitsubishi,Truck,1985
725,Subaru,XT,1989
726,Subaru,Impreza,2011
727,Ford,Mustang,1967
728,BMW,M3,2003
729,Mercury,Mariner,2009
730,Bentley,Continental,2011
731,Ford,Aerostar,1986
732,BMW,M6,2007
733,Dodge,Ram 1500,2005
734,Mercedes-Benz,E-Class,1987
735,Chevrolet,3500,2000
736,Dodge,Stealth,1996
737,Chevrolet,Venture,1998
738,MINI,Cooper,2003
739,Kia,Spectra,2006
740,GMC,Savana 2500,2008
741,Porsche,Panamera,2012
742,Volkswagen,Jetta,1986
743,Mazda,Mazda3,2006
744,Ford,Fusion,2010
745,Cadillac,XLR,2006
746,Chrysler,Pacifica,2008
747,Jeep,Wrangler,2001
748,Saab,9-3,2006
749,Chrysler,300,2011
750,Chrysler,Sebring,2001
751,Toyota,Tercel,1993
752,Jeep,Liberty,2007
753,Mitsubishi,Endeavor,2010
754,Mercury,Tracer,1999
755,Buick,Electra,1988
756,Ford,F150,1994
757,Honda,Accord,1989
758,Volvo,C70,2013
759,Ford,Mustang,2011
760,Cadillac,DeVille,1999
761,Mercury,Monterey,2007
762,Aston Martin,DB9,2008
763,Oldsmobile,Ciera,1992
764,Pontiac,6000,1986
765,Chevrolet,Camaro,1974
766,Lexus,LX,2010
767,Toyota,Corolla,1992
768,GMC,Terrain,2011
769,Nissan,Altima,2001
770,Audi,A5,2008
771,Maybach,57,2003
772,Honda,Insight,2012
773,Nissan,Murano,2006
774,Dodge,Ram Van 3500,2002
775,Smart,Fortwo,2011
776,Chevrolet,Suburban 1500,2000
777,Audi,Q7,2009
778,Kia,Amanti,2007
779,Nissan,Maxima,1994
780,Chevrolet,Monte Carlo,2005
781,Honda,Ridgeline,2007
782,Toyota,Cressida,1992
783,Honda,Civic,2004
784,Eagle,Talon,1993
785,GMC,Suburban 1500,1994
786,Audi,4000,1987
787,Chevrolet,Lumina,1995
788,Plymouth,Prowler,2000
789,Mitsubishi,Lancer Evolution,2010
790,Jeep,Patriot,2009
791,Mercury,Sable,1987
792,Lexus,IS,2007
793,Kia,Sportage,1998
794,Chevrolet,Aveo,2006
795,Lexus,IS F,2011
796,Hyundai,Accent,1997
797,Chevrolet,HHR,2007
798,CitroÃ«n,2CV,1948
799,Pontiac,Bonneville,1988
800,Chrysler,Sebring,2010
801,Nissan,Sentra,1991
802,Mercedes-Benz,M-Class,2006
803,Hyundai,Tucson,2009
804,Toyota,Prius,2008
805,Ford,F150,2002
806,Lamborghini,Gallardo,2004
807,GMC,Rally Wagon 1500,1992
808,Dodge,Ram 1500 Club,1997
809,BMW,530,2001
810,Ford,Laser,1986
811,Toyota,Echo,2005
812,Buick,Regal,1995
813,Pontiac,Chevette,1987
814,Cadillac,Fleetwood,1996
815,Chevrolet,Corvette,2002
816,Ford,F250,2005
817,Porsche,911,2013
818,GMC,Sierra 1500,2003
819,Suzuki,Swift,1992
820,Chevrolet,Suburban 2500,2005
821,Mercury,Mystique,1996
822,Audi,A6,2005
823,Audi,TT,2004
824,Buick,Park Avenue,2005
825,BMW,Z8,2001
826,Ford,F250,2000
827,BMW,3 Series,2011
828,Dodge,Dakota,1994
829,Land Rover,Range Rover,1987
830,Toyota,Camry,1992
831,Honda,Pilot,2010
832,Suzuki,Esteem,2000
833,Audi,TT,2000
834,Dodge,Neon,2002
835,Honda,CR-V,1998
836,Dodge,Ram 2500 Club,1995
837,Volvo,V50,2010
838,Cadillac,Escalade,2002
839,Kia,Sportage,2006
840,BMW,760,2005
841,Mercedes-Benz,SL-Class,1988
842,Chevrolet,2500,1992
843,Dodge,Ram 1500,2005
844,GMC,2500,1998
845,Pontiac,G3,2010
846,Chevrolet,Silverado 3500,2007
847,Ford,F350,2003
848,Pontiac,Grand Prix,2002
849,GMC,Savana,2008
850,GMC,Savana,2007
851,Honda,Prelude,1999
852,GMC,Envoy,2008
853,Ford,Edge,2012
854,Isuzu,i-290,2008
855,Audi,5000S,1988
856,Mazda,Mazda5,2006
857,Volkswagen,Cabriolet,1996
858,Mercury,Mystique,1999
859,Toyota,Camry,2011
860,Honda,Accord,2002
861,Geo,Metro,1992
862,Mazda,CX-9,2008
863,Chevrolet,Caprice,1991
864,Nissan,Versa,2008
865,Nissan,350Z,2004
866,Fiat,500,2012
867,Chrysler,LeBaron,1994
868,Kia,Sephia,2001
869,Suzuki,Grand Vitara,2003
870,Infiniti,J,1994
871,Pontiac,Daewoo Kalos,2005
872,Ford,F-Series,1987
873,Volkswagen,CC,2011
874,Dodge,Grand Caravan,1998
875,Audi,S5,2011
876,Mazda,MX-5,1990
877,Chevrolet,HHR,2006
878,Ford,Focus,2008
879,Audi,5000S,1985
880,Lincoln,Mark VIII,1994
881,Subaru,Forester,2000
882,GMC,Sierra 2500,2010
883,Ford,E350,2011
884,BMW,Z8,2003
885,Suzuki,Swift,1996
886,Ford,Thunderbird,1992
887,Ford,Fiesta,2012
888,Volvo,S80,2001
889,Toyota,Avalon,1999
890,Cadillac,Eldorado,2002
891,Lincoln,Mark VIII,1996
892,GMC,Sierra 3500,2000
893,Lexus,IS-F,2012
894,Buick,Coachbuilder,1992
895,GMC,1500 Club Coupe,1996
896,Mazda,929,1994
897,Ford,Taurus,2012
898,Hyundai,Accent,2002
899,Audi,A8,2012
900,Geo,Metro,1993
901,Subaru,XT,1990
902,Toyota,Solara,2007
903,Mazda,B-Series,1986
904,Porsche,Cayman,2009
905,Volkswagen,Eurovan,2000
906,Mercedes-Benz,G-Class,2005
907,Dodge,D350 Club,1992
908,Acura,RL,2011
909,Mercedes-Benz,CL-Class,2000
910,GMC,Terrain,2010
911,Nissan,Rogue,2008
912,GMC,1500,1992
913,Mazda,MPV,1995
914,Ford,E250,2011
915,Cadillac,Seville,1996
916,Chrysler,300,2006
917,Volkswagen,Eurovan,2001
918,Mazda,Miata MX-5,1993
919,Chevrolet,HHR Panel,2006
920,Infiniti,G,2007
921,GMC,Sonoma,1996
922,Volkswagen,Eurovan,2003
923,Honda,Insight,2012
924,Chevrolet,Astro,2004
925,Plymouth,Grand Voyager,2000
926,Audi,riolet,1996
927,Volvo,XC90,2011
928,Volvo,S40,2005
929,Audi,80,1989
930,Chrysler,Pacifica,2004
931,Infiniti,G35,2007
932,Ford,Crown Victoria,2004
933,Mitsubishi,Tredia,1986
934,Buick,Skyhawk,1985
935,Mitsubishi,Lancer,2010
936,Mitsubishi,Galant,1992
937,Pontiac,Grand Prix,2008
938,Ford,GT500,2009
939,Mercury,Mountaineer,2009
940,Ford,F-Series,1992
941,Mitsubishi,Montero Sport,1998
942,Pontiac,Grand Prix,1970
943,Aston Martin,Vantage,2006
944,Jaguar,X-Type,2003
945,Buick,Somerset,1987
946,Chrysler,Crossfire,2004
947,Volkswagen,Passat,2000
948,Chevrolet,Corvette,2005
949,BMW,745,2003
950,Maserati,Spyder,2005
951,Mercedes-Benz,E-Class,2003
952,Ford,Mustang,1997
953,Mercedes-Benz,500E,1993
954,Ford,Windstar,2004
955,Chevrolet,Express 2500,2004
956,Subaru,XT,1988
957,BMW,600,1957
958,Mercury,Villager,1994
959,Toyota,Highlander,2009
960,Ford,Mustang,2011
961,Volkswagen,Passat,2012
962,BMW,M Roadster,2006
963,Mitsubishi,Lancer,2001
964,Nissan,Pathfinder,1996
965,Toyota,Celica,2004
966,Lotus,Evora,2010
967,Chrysler,300,2006
968,Ford,Escape,2010
969,Mercedes-Benz,C-Class,1994
970,Dodge,Viper,1997
971,Mercedes-Benz,C-Class,2009
972,Honda,Prelude,1992
973,Dodge,Monaco,1992
974,Chevrolet,Express 3500,1996
975,Mercedes-Benz,CLK-Class,2008
976,Mitsubishi,Lancer Evolution,2002
977,Pontiac,GTO,1966
978,Chrysler,Imperial,1992
979,Nissan,Pathfinder,2011
980,Ford,Thunderbird,1980
981,Hyundai,Scoupe,1994
982,Toyota,Prius c,2012
983,Chrysler,Crossfire,2006
984,Ford,E250,1984
985,Hummer,H3,2008
986,Audi,R8,2012
987,Ford,E250,2005
988,Ford,E-Series,1993
989,Mitsubishi,Chariot,1992
990,Volkswagen,Cabriolet,1988
991,Dodge,Grand Caravan,1999
992,Ford,Mustang,1997
993,Mercedes-Benz,SLK-Class,2011
994,Aston Martin,Vantage,2008
995,Isuzu,Trooper,2002
996,Cadillac,STS-V,2008
997,Mercury,Marquis,1985
998,Nissan,Armada,2006
999,Ford,Country,1967
1000,Pontiac,Bonneville,1996
